dataset,method,backbone,layers,pretrained,background_category,snr_db,seed,train_size,test_size,debug,elapsed_sec,memory_bank_size,epochs,img_roc_auc,f1_img,pr_auc_img,per_pixel_rocauc,f1_pxl,pr_auc_pxl,au_pro_pxl,mse_pxl,f1_tmp,tmp_auc_roc,pr_auc_tmp,ff_v1,ff_v2
envmix,cfa,Cnn14,conv_block2|conv_block3|conv_block4,True,air_conditioner,6.0,0,15,5,True,3.086,30000,1,1.0,1.0,1.0,0.7176311134852871,0.31014246225813313,0.16786712779250587,0.7494259921678585,0.33269059658050537,0.8928571428571429,0.9766087728669965,0.9552994356532509,-0.3480823818317562,0.5
envmix,patchcore,Cnn14,conv_block2|conv_block3|conv_block4,True,air_conditioner,6.0,0,740,247,False,14860.526,30000,1,0.9386309992132179,0.8671875,0.9436475809919624,0.5569370554424248,0.1957639733119553,0.13701856753709452,0.5120295475240659,0.08237913250923157,-0.06410678384596102,0.0969590338284925
envmix,cfa,Cnn14,conv_block2|conv_block3|conv_block4,True,air_conditioner,6.0,0,740,247,False,175.786,30000,1,0.7639653815892997,0.7744107744107743,0.6910301587019492,0.6295811730939884,0.26211435725908694,0.15308960263893814,0.5068577845911814,0.24937422573566437,0.6153573525014121,0.642562463469031,0.5324247219972856,0.02726091488235067,0.04489065655763783
envmix,cfa,Cnn14,conv_block2|conv_block3|conv_block4,True,air_conditioner,6.0,1,740,247,False,189.14,30000,1,0.7688827694728559,0.7632508833922261,0.7465263620212697,0.6176350826432815,0.2566333379910468,0.1829606897055642,0.5114955115291698,0.24078631401062012,0.6182767450735307,0.6545968334180987,0.5912983447102695,-0.028845402452338156,0.058099124150231156
envmix,cfa,Cnn14,conv_block2|conv_block3|conv_block4,True,air_conditioner,6.0,2,740,247,False,198.437,30000,1,0.7142014162077105,0.7102803738317758,0.6484851254196362,0.6365325323814487,0.24754205534316015,0.16166198138848498,0.5591102483645566,0.29156750440597534,0.6230805104030296,0.6372691532029114,0.5420437966018172,0.014041975914633157,0.04539513748571272
envmix,cfa,Cnn14,conv_block2|conv_block3|conv_block4,True,air_conditioner,0.0,0,740,247,False,175.893,30000,1,0.8215316024127983,0.8014981273408239,0.7600839144391958,0.6670021299595138,0.29621563381721044,0.18744499820980584,0.5280343686489277,0.25300872325897217,0.6458675577241684,0.6947534406374181,0.5886600826787223,0.006477065597248612,0.04533033512131093
envmix,cfa,Cnn14,conv_block2|conv_block3|conv_block4,True,air_conditioner,0.0,1,740,247,False,190.688,30000,1,0.827104642014162,0.7829457364341086,0.8044247737832142,0.6718392631809929,0.29672529160148714,0.225750879099286,0.5160863172898529,0.23955877125263214,0.6282256347878972,0.6976432088186024,0.6402577648396103,-0.07179151926033915,0.041510451414706266
envmix,cfa,Cnn14,conv_block2|conv_block3|conv_block4,True,air_conditioner,0.0,2,740,247,False,198.879,30000,1,0.7806189352216103,0.752411575562701,0.7014103271978356,0.6731837343996138,0.2766341088607175,0.18705981554991388,0.5735627403381071,0.27118536829948425,0.6519604453357306,0.6925576219111015,0.5883916797518008,-0.005646001171962488,0.050797676681356645
envmix,cfa,Cnn14,conv_block2|conv_block3|conv_block4,True,air_conditioner,-6.0,0,740,247,False,176.974,30000,1,0.8641489640702859,0.83271375464684,0.8097474905076907,0.7453295866888529,0.3682972816331249,0.2428183929461163,0.5376455548495498,0.23927678167819977,0.6480445385745724,0.7133541890599435,0.6129332304675659,-0.15359897677939496,0.05825849413655759
envmix,cfa,Cnn14,conv_block2|conv_block3|conv_block4,True,air_conditioner,-6.0,1,740,247,False,190.623,30000,1,0.8703776553894571,0.8214285714285714,0.8384412891432684,0.7243214253644914,0.33067420272440357,0.2640648697842976,0.5087521914197767,0.2654817998409271,0.6818624674294776,0.7460791766959564,0.6806441465643274,-0.19894800053616063,-0.0131548895730029
envmix,cfa,Cnn14,conv_block2|conv_block3|conv_block4,True,air_conditioner,-6.0,2,740,247,False,199.127,30000,1,0.8241542092840283,0.7999999999999999,0.740228430705594,0.701982837355692,0.3082883495587144,0.21419207983685837,0.5776950902612012,0.2558645009994507,0.6654174131589443,0.7266088361389694,0.6255624746335541,-0.06269062270840914,0.025727545503365524
envmix,cfa,Cnn14,conv_block2|conv_block3|conv_block4,True,engine_idling,6.0,0,692,231,False,189.218,30000,1,0.7868815592203897,0.7665198237885462,0.771449216943625,0.5501252242523165,0.21777670805405352,0.14537557418113783,0.5565542402931224,0.24480003118515015,0.6005437618432977,0.5982717386971672,0.5437036690238815,0.003637840847414306,0.03504326996811264
envmix,cfa,Cnn14,conv_block2|conv_block3|conv_block4,True,engine_idling,6.0,1,692,231,False,177.525,30000,1,0.7236131934032983,0.7294117647058822,0.6523565896164794,0.5750093947700164,0.21866775342469094,0.13233790035092532,0.4286719718253517,0.2727823257446289,0.6198445636647884,0.6059339143693325,0.508885988112682,-0.0017667679312356153,0.018704960361718787
envmix,cfa,Cnn14,conv_block2|conv_block3|conv_block4,True,engine_idling,6.0,2,692,231,False,188.235,30000,1,0.7524737631184407,0.7294117647058822,0.7141864597904435,0.5893677918162588,0.23640177897121759,0.15565420327910764,0.5515130408278919,0.26452454924583435,0.6087122680395486,0.6416219690633382,0.5716901110808609,-0.01752168287330916,0.04022433980319728
envmix,cfa,Cnn14,conv_block2|conv_block3|conv_block4,True,engine_idling,0.0,0,692,231,False,164.585,30000,1,0.8470764617691154,0.8017241379310344,0.8340876830992145,0.6074242089578923,0.2614636477101829,0.1849752094212806,0.5679863062489037,0.24350813031196594,0.6013306038894575,0.644359297961499,0.595673181617536,-0.017863423963586655,0.04176798021107715
envmix,cfa,Cnn14,conv_block2|conv_block3|conv_block4,True,engine_idling,0.0,1,692,231,False,178.072,30000,1,0.8039730134932535,0.7999999999999999,0.7271373277719757,0.6516421670005123,0.2766949656634606,0.1751171483779082,0.4700693244262606,0.2585168480873108,0.6243727408741245,0.6487091204415678,0.5496419554617288,-0.03141895815504789,0.02267171904051452
envmix,cfa,Cnn14,conv_block2|conv_block3|conv_block4,True,engine_idling,0.0,2,692,231,False,186.921,30000,1,0.7937781109445278,0.753968253968254,0.7632166662284676,0.6300340052772616,0.2673460707703342,0.17983544416004593,0.5593745338770613,0.2535080015659332,0.6160819699780739,0.6704399028405128,0.6037112459659918,-0.035889716969360934,0.041573559254505094
envmix,cfa,Cnn14,conv_block2|conv_block3|conv_block4,True,engine_idling,-6.0,0,692,231,False,163.675,30000,1,0.9286356821589205,0.8823529411764706,0.9344147918524912,0.6905893759400497,0.34129178556957757,0.2633414913224546,0.6091099481552228,0.24271626770496368,0.6347446847174268,0.7250974729645505,0.7192798231550319,-0.10541463680399096,0.035724291083204275
envmix,cfa,Cnn14,conv_block2|conv_block3|conv_block4,True,engine_idling,-6.0,1,692,231,False,178.555,30000,1,0.8458770614692654,0.8074074074074075,0.7830631416456739,0.7154454119836917,0.3105782995932886,0.21032670995555003,0.47361648759990227,0.2370271533727646,0.6555234723631281,0.688813515738028,0.5844208764513538,-0.09660547730136286,-0.008079324043141696
envmix,cfa,Cnn14,conv_block2|conv_block3|conv_block4,True,engine_idling,-6.0,2,692,231,False,187.175,30000,1,0.803223388305847,0.7692307692307693,0.786961545537221,0.647451574477227,0.2757518782729358,0.18657670484270694,0.5399841715368432,0.24608296155929565,0.6163915605355424,0.6687181919892454,0.6025546913926446,-0.054673066512766065,0.02600370687692334
envmix,cfa,Cnn14,conv_block2|conv_block3|conv_block4,True,street_music,6.0,0,732,245,False,202.739,30000,1,0.701586032253765,0.7157190635451505,0.6892409318422715,0.5499522257260269,0.2066804093471955,0.15061578430245678,0.5669294394436103,0.22310681641101837,0.6127080985690898,0.6046778875699158,0.5616310187058609,-0.06021187569253464,0.01876462832284887
envmix,cfa,Cnn14,conv_block2|conv_block3|conv_block4,True,street_music,6.0,1,732,245,False,191.194,30000,1,0.6438757830201253,0.6951566951566951,0.6256868228670299,0.5777209123940421,0.22727965052238427,0.1529908062467754,0.5495715006634674,0.2763478755950928,0.6095944404107458,0.5930373099111748,0.532910974459274,0.002524667735711053,0.025446499001979924
envmix,cfa,Cnn14,conv_block2|conv_block3|conv_block4,True,street_music,6.0,2,732,245,False,197.344,30000,1,0.5540450486472078,0.6666666666666666,0.5912711750339912,0.5013465504133275,0.195224581457564,0.12960058080564563,0.596549015709754,0.24116487801074982,0.6109830062808457,0.5046183904421028,0.4925479359980689,0.0003115167677189151,0.02720872914058321
envmix,cfa,Cnn14,conv_block2|conv_block3|conv_block4,True,street_music,0.0,0,732,245,False,176.539,30000,1,0.7981474077035852,0.7573529411764707,0.7948889055939843,0.6706924435485314,0.2946240654114484,0.22102756634893136,0.5651652235757032,0.21076884865760803,0.623554769336658,0.672467347206994,0.6288357544235816,-0.06808641349848014,-0.018803808358422356
envmix,cfa,Cnn14,conv_block2|conv_block3|conv_block4,True,street_music,0.0,1,732,245,False,191.935,30000,1,0.725776356124217,0.7152777777777778,0.689245578680268,0.6494356341870994,0.27522072171452683,0.19383432259096073,0.5629269358799016,0.2664753496646881,0.620286149761542,0.6601317382532368,0.5967721612639242,-0.043503743360509856,0.029050423168275427
envmix,cfa,Cnn14,conv_block2|conv_block3|conv_block4,True,street_music,0.0,2,732,245,False,198.967,30000,1,0.6250166600026655,0.6684931506849315,0.6527917361692027,0.5530464098038098,0.20798868964583703,0.15785540434742124,0.6089405970985696,0.2219298779964447,0.6110112474962766,0.534524878127608,0.528363947892247,-0.049788576038543655,0.03670297767893748
envmix,cfa,Cnn14,conv_block2|conv_block3|conv_block4,True,street_music,-6.0,0,732,245,False,176.538,30000,1,0.8741836598693855,0.825,0.8726746476428323,0.6990594979500471,0.3414213079582409,0.25567871638227213,0.5937424889993932,0.23168694972991943,0.6436202999794535,0.7214567035645392,0.6965305551138326,-0.12513605009591602,-0.02292212820646304
envmix,cfa,Cnn14,conv_block2|conv_block3|conv_block4,True,street_music,-6.0,1,732,245,False,192.736,30000,1,0.8134079701452752,0.790874524714829,0.7685956494859347,0.7044175746369019,0.3211491834366588,0.23089759794696707,0.5740438709553525,0.2768973410129547,0.6510201378771932,0.724793539885769,0.6698486344601133,-0.15980058996073399,0.017562297340670212
envmix,cfa,Cnn14,conv_block2|conv_block3|conv_block4,True,street_music,-6.0,2,732,245,False,198.138,30000,1,0.6981873917099828,0.6716417910447762,0.7332117088284831,0.6017995204214758,0.2545907759169485,0.1939932818078512,0.62061934871795,0.22739768028259277,0.6113634247524854,0.5740463197502098,0.5755863047169233,-0.15040661721193596,0.035931226840697064
envmix,cfa,Cnn14,conv_block2|conv_block3|conv_block4,True,drilling,6.0,0,573,191,False,160.898,30000,1,0.6015350877192982,0.7007874015748032,0.5464326411316685,0.5307675123457127,0.18947408429420948,0.1135867335971466,0.47526991522330514,0.22281424701213837,0.6005823592515708,0.5320178657174057,0.438853638111198,-0.02400549607776031,0.01727071350192782
envmix,cfa,Cnn14,conv_block2|conv_block3|conv_block4,True,drilling,6.0,1,573,191,False,148.354,30000,1,0.7298245614035087,0.7213114754098361,0.6900819695700757,0.6181665377238263,0.24661328162869606,0.15467832912271573,0.5065273579910805,0.26315754652023315,0.6092567545277604,0.5839312527000735,0.5174243510218225,0.031137441306892118,0.03955117813109828
envmix,cfa,Cnn14,conv_block2|conv_block3|conv_block4,True,drilling,6.0,2,573,191,False,152.095,30000,1,0.5434210526315789,0.6884057971014492,0.5065545784829866,0.5047561921445661,0.19156741348158407,0.10209079883889122,0.4357376356386013,0.2538626492023468,0.6024668120331648,0.4930754168022018,0.41459854693162923,0.04348953458400836,0.01813638240446272
envmix,cfa,Cnn14,conv_block2|conv_block3|conv_block4,True,drilling,0.0,0,573,191,False,137.383,30000,1,0.6741228070175438,0.7125506072874495,0.6072597726680233,0.5819165610021116,0.21530745034081322,0.14186803782785806,0.4906225929549903,0.21647055447101593,0.6050756452518389,0.5769125219631304,0.4775513006853316,-0.06521008002469786,0.030063592204384454
envmix,cfa,Cnn14,conv_block2|conv_block3|conv_block4,True,drilling,0.0,1,573,191,False,148.728,30000,1,0.799342105263158,0.7692307692307693,0.7709061776087074,0.6760577280067536,0.29695409081146495,0.2007894857343292,0.5176363269328893,0.24544194340705872,0.6102726940853141,0.6469835144741218,0.5909375452110659,0.028311646988157906,0.04940138516853369
envmix,cfa,Cnn14,conv_block2|conv_block3|conv_block4,True,drilling,0.0,2,573,191,False,152.035,30000,1,0.581359649122807,0.703125,0.527581625054954,0.5471374574864075,0.208039817492329,0.11274767804813672,0.4564423683373408,0.24209751188755035,0.6026466189509668,0.5267680825087252,0.43005396521329337,0.05112824897777962,0.027171373218576073
envmix,cfa,Cnn14,conv_block2|conv_block3|conv_block4,True,drilling,-6.0,0,573,191,False,137.931,30000,1,0.7641447368421053,0.7777777777777778,0.6923288134910952,0.6420102337784986,0.276646619513359,0.18857875807169916,0.5295156346256693,0.22791676223278046,0.6150754354284382,0.6506969489409509,0.5481468263422699,-0.11133274199667631,0.04227258734369804
envmix,cfa,Cnn14,conv_block2|conv_block3|conv_block4,True,drilling,-6.0,1,573,191,False,149.114,30000,1,0.8600877192982456,0.8316831683168316,0.8400601809973075,0.7322327195680586,0.34814006750118875,0.24868888026178618,0.524026270939845,0.2326408475637436,0.6466636811464397,0.7231724056151962,0.6756294490470391,-0.012345072722766207,0.039467648200429195
envmix,cfa,Cnn14,conv_block2|conv_block3|conv_block4,True,drilling,-6.0,2,573,191,False,152.165,30000,1,0.6432017543859649,0.7096774193548387,0.5724667824024787,0.6039006297113259,0.23327133612519552,0.1334360304965285,0.4552247908306216,0.22138559818267822,0.6178299524994677,0.5819349840165644,0.4660847691588156,-0.008537568217630786,0.009308211712474652
envmix,cfa,Cnn14,conv_block2|conv_block3|conv_block4,True,car_horn,6.0,0,140,47,False,37.276,30000,1,0.8134057971014492,0.7924528301886793,0.7846160589245854,0.6104059318605086,0.29260131403854,0.18465043345612606,0.6352690067894957,0.22832466661930084,0.5635027740290898,0.6864346214949038,0.5818295075829739,0.013122533721331011,0.07912016488335288
envmix,cfa,Cnn14,conv_block2|conv_block3|conv_block4,True,car_horn,6.0,1,140,47,False,43.376,30000,1,0.7844202898550724,0.7419354838709677,0.8167254114097564,0.6117790383094435,0.26452767875055944,0.1876302372895811,0.5520562809127485,0.30073192715644836,0.5993127519683974,0.6331048602726987,0.595914831386527,0.012708246061639653,0.07098735570382828
envmix,cfa,Cnn14,conv_block2|conv_block3|conv_block4,True,car_horn,6.0,2,140,47,False,35.955,30000,1,0.8061594202898551,0.7659574468085107,0.8222072221484351,0.5851997937781235,0.2631549309371154,0.2015501935399246,0.6610316875365457,0.28787872195243835,0.5963250615646902,0.5824117652896299,0.5742939389037843,-0.02135015505720432,0.07477702771918956
envmix,cfa,Cnn14,conv_block2|conv_block3|conv_block4,True,car_horn,0.0,0,140,47,False,33.349,30000,1,0.8659420289855072,0.8363636363636363,0.8418675062735751,0.6658423922962778,0.3182977402257557,0.2205452936359136,0.6315638630888026,0.24582912027835846,0.5931339977851606,0.7347733678587737,0.6539441903576813,-0.03225651486154038,0.029101344007815725
envmix,cfa,Cnn14,conv_block2|conv_block3|conv_block4,True,car_horn,0.0,1,140,47,False,43.691,30000,1,0.8876811594202898,0.8333333333333333,0.9051268173263642,0.6795064153826029,0.3136349646044937,0.23691984154256276,0.5564151459245437,0.3035092055797577,0.648714020801419,0.7108565068994129,0.672383979466049,-0.02235267515971575,0.07467572913409766
envmix,cfa,Cnn14,conv_block2|conv_block3|conv_block4,True,car_horn,0.0,2,140,47,False,35.426,30000,1,0.8152173913043478,0.7906976744186046,0.8362052849508895,0.657657782312592,0.3816653178670983,0.27626101338122855,0.6770945980885358,0.27993687987327576,0.5974090959635272,0.6441377632406275,0.6503488823864964,-0.07848625592828949,0.05828655321185519
envmix,cfa,Cnn14,conv_block2|conv_block3|conv_block4,True,car_horn,-6.0,0,140,47,False,33.541,30000,1,0.9239130434782609,0.8846153846153846,0.9183285322050463,0.7392281151805318,0.34563715440027626,0.261096924226365,0.6203522989427639,0.2491108626127243,0.6553609282606271,0.806099123775661,0.7364754196519289,-0.10595553690588759,0.009010453388057886
envmix,cfa,Cnn14,conv_block2|conv_block3|conv_block4,True,car_horn,-6.0,1,140,47,False,43.519,30000,1,0.9166666666666666,0.85,0.9359217076078157,0.7427971393443414,0.3537247203985352,0.2878088612971202,0.5546588858252374,0.304993599653244,0.7065512772273087,0.7845523135932366,0.7564594090443875,-0.09506856461767073,0.04607958989340572
envmix,cfa,Cnn14,conv_block2|conv_block3|conv_block4,True,car_horn,-6.0,2,140,47,False,35.393,30000,1,0.8822463768115942,0.8181818181818182,0.8995290557008215,0.7117604148264657,0.4340743299109339,0.3239044695617313,0.6749404104592814,0.2761041820049286,0.6229090543394455,0.7263993047616015,0.7277986106790895,-0.15290903473580972,0.024175623205201856
envmix,cfa,Cnn14,conv_block2|conv_block3|conv_block4,True,jackhammer,6.0,0,590,197,False,164.583,30000,1,0.6220366934652649,0.6935483870967741,0.561073437883711,0.4713803970537549,0.18908116509239972,0.09297407718184769,0.4178656193644236,0.25129297375679016,0.5958235921346305,0.5419697778906238,0.43780223655106193,0.03234438590205577,0.031197337810146785
envmix,cfa,Cnn14,conv_block2|conv_block3|conv_block4,True,jackhammer,6.0,1,590,197,False,150.681,30000,1,0.766749123891981,0.723404255319149,0.792246554489995,0.5331015953634938,0.2001591080276133,0.1562307561353762,0.5005302150986051,0.2551693320274353,0.6113991669990388,0.5802818483623988,0.5290280109564414,-0.0016025124913749188,0.06136305617640486
envmix,cfa,Cnn14,conv_block2|conv_block3|conv_block4,True,jackhammer,6.0,2,590,197,False,154.284,30000,1,0.6148216862502578,0.6832740213523132,0.6098190345837989,0.4807270991099391,0.19334826316222725,0.1032663672682924,0.444775248991546,0.236063614487648,0.6060267570551833,0.5390417140345101,0.45590770249068463,0.037313172944850224,0.02550333853662356
envmix,cfa,Cnn14,conv_block2|conv_block3|conv_block4,True,jackhammer,0.0,0,590,197,False,142.046,30000,1,0.663059163059163,0.7165354330708663,0.5781096831096575,0.5277501006022944,0.20166805770756902,0.10522691735010344,0.3951858979367905,0.23997598886489868,0.6011893650497346,0.5639867553346342,0.4416263907776182,0.02228052643337366,0.04086637848408322
envmix,cfa,Cnn14,conv_block2|conv_block3|conv_block4,True,jackhammer,0.0,1,590,197,False,150.982,30000,1,0.8867243867243867,0.8045977011494253,0.9113564689655914,0.6447365249924373,0.3200739371534196,0.26715675719029575,0.5859605812626991,0.2694263160228729,0.6243020159475986,0.6796084309414149,0.6783513721406164,-0.05608739260420838,0.07374030144004509
envmix,cfa,Cnn14,conv_block2|conv_block3|conv_block4,True,jackhammer,0.0,2,590,197,False,154.538,30000,1,0.6654298082869512,0.703862660944206,0.6618109869231288,0.5291290568486771,0.19666694014749295,0.12491119361223958,0.4368201300508247,0.22126524150371552,0.6101229252818218,0.5706797598106513,0.48491940982186577,0.02495474714943287,0.03322959092939969
envmix,cfa,Cnn14,conv_block2|conv_block3|conv_block4,True,jackhammer,-6.0,0,590,197,False,143.114,30000,1,0.7165532879818594,0.753968253968254,0.6342107025412835,0.5901477723022767,0.2367257614490711,0.12832696886269462,0.38795474338355773,0.24082829058170319,0.6120910429604968,0.5987435562917487,0.46483263884705595,-0.0433113652704291,0.027287765161365527
envmix,cfa,Cnn14,conv_block2|conv_block3|conv_block4,True,jackhammer,-6.0,1,590,197,False,150.747,30000,1,0.961245104102247,0.8969072164948454,0.9655777817729166,0.7343138001618226,0.39597953966755717,0.3344364723402431,0.5995661862064194,0.26322436332702637,0.6766611066198668,0.7820699943590192,0.7951081015138034,-0.22959863964015578,0.04372849595454352
envmix,cfa,Cnn14,conv_block2|conv_block3|conv_block4,True,jackhammer,-6.0,2,590,197,False,153.961,30000,1,0.7543805400948257,0.7417840375586854,0.7687781265417155,0.5815660698200862,0.23022019850902772,0.15933999025475604,0.4601709326953119,0.20797203481197357,0.6223289887451587,0.6184989341583854,0.5375313228511868,-0.06341196130749366,0.020551466415641907
envmix,cfa,Cnn14,conv_block2|conv_block3|conv_block4,True,children_playing,6.0,0,727,243,False,202.797,30000,1,0.4943774556293185,0.6703601108033241,0.5028854231767131,0.5359677229502275,0.18246313303698475,0.11601803934141937,0.5185463318450315,0.2514314651489258,0.6031590623844515,0.5339307093858898,0.46083512958948014,-0.0383183710271534,0.004217974295835723
envmix,cfa,Cnn14,conv_block2|conv_block3|conv_block4,True,children_playing,6.0,1,727,243,False,192.095,30000,1,0.5745833897845821,0.6798866855524079,0.5905578987607938,0.5795988126197612,0.20632860483421525,0.1441890262435351,0.5245863228632281,0.22264865040779114,0.6080342795929298,0.5840298225448521,0.5264140631253588,0.04224758990201716,0.02770133039456114
envmix,cfa,Cnn14,conv_block2|conv_block3|conv_block4,True,children_playing,6.0,2,727,243,False,198.642,30000,1,0.6737569435035903,0.6862745098039216,0.6785252332077523,0.6716223995152337,0.252393423140885,0.18028734399025406,0.585665656797838,0.3108677566051483,0.6117182453615935,0.6178589269586816,0.5823933266733999,0.007038655641296833,0.03291330084912796
envmix,cfa,Cnn14,conv_block2|conv_block3|conv_block4,True,children_playing,0.0,0,727,243,False,176.701,30000,1,0.5359707356726731,0.670391061452514,0.5291335824920115,0.578183347502726,0.21828617170685224,0.14351930019219375,0.5415773474676745,0.23008860647678375,0.6041362684768128,0.5729845808784022,0.4998139340124893,-0.07436488934263653,0.007864718494589718
envmix,cfa,Cnn14,conv_block2|conv_block3|conv_block4,True,children_playing,0.0,1,727,243,False,191.973,30000,1,0.6364313778620783,0.6930091185410335,0.6443922041810549,0.5722676215459641,0.21344206907177263,0.15466459645636021,0.5360974758948337,0.2126753181219101,0.6099796760743394,0.6142885300412109,0.5535187481884666,0.09160021405460717,0.030823424732038907
envmix,cfa,Cnn14,conv_block2|conv_block3|conv_block4,True,children_playing,0.0,2,727,243,False,198.269,30000,1,0.7359436390732964,0.7041198501872659,0.7716895313906847,0.6566949428977132,0.2625524355752748,0.19651231521045126,0.6175768390913642,0.33924564719200134,0.6151814529814321,0.6678858635157864,0.6535763280007187,-0.03092313713644044,0.031200473046857097
envmix,cfa,Cnn14,conv_block2|conv_block3|conv_block4,True,children_playing,-6.0,0,727,243,False,178.051,30000,1,0.681682698821298,0.7023411371237458,0.6322579560092052,0.6699675994541197,0.28316847330041506,0.20261563570314967,0.5517243991184361,0.22234171628952026,0.6229215134076159,0.673687156109324,0.5878519472452608,-0.20583509007195236,0.02499166264539051
envmix,cfa,Cnn14,conv_block2|conv_block3|conv_block4,True,children_playing,-6.0,1,727,243,False,193.678,30000,1,0.8422300501287089,0.7724137931034483,0.8536061949165402,0.7277358290891918,0.3348338972945314,0.26020296398966525,0.5726307519647809,0.257224440574646,0.6317910378515235,0.709370789338468,0.6958371161479576,-0.17487200314284979,0.05053362861862108
envmix,cfa,Cnn14,conv_block2|conv_block3|conv_block4,True,children_playing,-6.0,2,727,243,False,198.146,30000,1,0.8390461997019374,0.7953667953667954,0.8282746247746989,0.7064314715735702,0.3032067219913097,0.2416759512704672,0.6108643939248208,0.3194422423839569,0.6685335341556323,0.7581009478186296,0.7351299381701948,-0.1481908720628738,0.032415344738873336
envmix,cfa,Cnn14,conv_block2|conv_block3|conv_block4,True,siren,6.0,0,625,209,False,168.773,30000,1,0.61492673992674,0.697986577181208,0.6027744526272268,0.50256750748193,0.1822836496414876,0.10165665461095523,0.5608035098288199,0.2782563865184784,0.5998238218083433,0.5363813691011684,0.44347575403585876,-0.012231440239157981,0.015312308531765503
envmix,cfa,Cnn14,conv_block2|conv_block3|conv_block4,True,siren,6.0,1,625,209,False,152.965,30000,1,0.7382783882783882,0.7449392712550608,0.6850513157218857,0.6519917642748948,0.2604500189229916,0.155258192375358,0.5113301773813881,0.27266064286231995,0.6124373871264525,0.6396996935047015,0.5488062057653331,-0.00903311749562921,0.031339584853666454
envmix,cfa,Cnn14,conv_block2|conv_block3|conv_block4,True,siren,6.0,2,625,209,False,162.465,30000,1,0.6857142857142857,0.6865671641791045,0.7040339354607108,0.594283649967825,0.2188631991678221,0.1628807170427926,0.5710165323727131,0.22975222766399384,0.6056073855747448,0.6244458378666321,0.5736308215091714,-0.03274903052238128,0.030188012458460298
envmix,cfa,Cnn14,conv_block2|conv_block3|conv_block4,True,siren,0.0,0,625,209,False,148.496,30000,1,0.6413919413919413,0.696551724137931,0.6203204572319944,0.5430033003920416,0.19273727300596902,0.11340013670644195,0.5526742419085359,0.27268844842910767,0.6021649484536082,0.555295953419207,0.45616988494428656,-0.02907339512468283,0.019032097230454785
envmix,cfa,Cnn14,conv_block2|conv_block3|conv_block4,True,siren,0.0,1,625,209,False,154.456,30000,1,0.8107142857142857,0.7999999999999999,0.7444977311351177,0.6955813566886994,0.3025539178861585,0.17987390102142298,0.5117702922079091,0.26505047082901,0.6382036685641997,0.6973579341408858,0.6018534017158069,-0.05521270127549777,0.026153312241274467
envmix,cfa,Cnn14,conv_block2|conv_block3|conv_block4,True,siren,0.0,2,625,209,False,161.959,30000,1,0.7413919413919414,0.7078189300411523,0.7623369107694976,0.6252818683819968,0.24813295172965125,0.18983389750685603,0.585035529722723,0.23452086746692657,0.6087542482128208,0.6536547708648619,0.6120639824363253,-0.0796946174364411,0.03733905120636072
envmix,cfa,Cnn14,conv_block2|conv_block3|conv_block4,True,siren,-6.0,0,625,209,False,149.354,30000,1,0.6744505494505494,0.713235294117647,0.6338602341968134,0.6095155110019639,0.22076060886543747,0.1368727309091473,0.515868997968816,0.26868829131126404,0.6092325666698366,0.5913933664237403,0.4773788995011447,-0.07536954729596933,0.01953386577302963
envmix,cfa,Cnn14,conv_block2|conv_block3|conv_block4,True,siren,-6.0,1,625,209,False,156.303,30000,1,0.8678571428571429,0.8354430379746834,0.8078417933543841,0.7409186369736082,0.3409822795156388,0.20735234982927628,0.50748993580527,0.2625165581703186,0.6857137821331948,0.7561172200577209,0.6574968377164758,-0.1236681449913906,0.0025502139448529896
envmix,cfa,Cnn14,conv_block2|conv_block3|conv_block4,True,siren,-6.0,2,625,209,False,161.802,30000,1,0.7903846153846154,0.7272727272727273,0.8090695961600183,0.6552775343279587,0.27426006125861546,0.2156892231552758,0.6013899250893586,0.23291616141796112,0.6185187260147343,0.6773536106909651,0.6452733431452562,-0.1734782324243555,0.020490235845427873
envmix,stfpm,Cnn14,conv_block2|conv_block3|conv_block4,True,air_conditioner,6.0,0,740,247,False,171.747,30000,1,0.576317859952793,0.6839080459770115,0.5647149389853708,0.44457228153428957,0.18562709902141314,0.09498353204318928,0.49238703435765296,0.3507325351238251,0.6096165913977388,0.5427525838983865,0.4702031471665916,0.03375934634113169,0.016448515092551207
envmix,stfpm,Cnn14,conv_block2|conv_block3|conv_block4,True,air_conditioner,6.0,1,740,247,False,186.18,30000,1,0.6106740099659062,0.6666666666666666,0.6090925719910154,0.46136625548115806,0.18575271684383926,0.10219814153741462,0.5292760435020561,0.3865884244441986,0.6085359132937358,0.5589946240784317,0.49587962578824335,0.030336586306108162,0.007354030698382958
envmix,stfpm,Cnn14,conv_block2|conv_block3|conv_block4,True,air_conditioner,6.0,2,740,247,False,195.44,30000,1,0.5216365066876475,0.6685082872928177,0.5547876532173392,0.46631567593840023,0.19298832713188052,0.11075602748265623,0.5416108559138978,0.3864227831363678,0.6114268255423159,0.5151211035098988,0.4791802287142339,0.021950197184439822,0.011878781382178042
envmix,stfpm,Cnn14,conv_block2|conv_block3|conv_block4,True,air_conditioner,0.0,0,740,247,False,171.558,30000,1,0.6340807762916338,0.7017543859649124,0.6237318910981691,0.4756281416776826,0.1881079579320338,0.1111460375464204,0.5055377965970015,0.34103184938430786,0.6213508455392064,0.5822644766778842,0.5037790259800301,0.022919942552060223,0.02600322253192149
envmix,stfpm,Cnn14,conv_block2|conv_block3|conv_block4,True,air_conditioner,0.0,1,740,247,False,187.124,30000,1,0.6656831890899554,0.6829268292682926,0.6525186613761822,0.4973815907127235,0.18862961342279874,0.11564898876222326,0.5345053793849402,0.37068530917167664,0.608890776304545,0.6007909894361361,0.5333804391683847,0.03550267219799766,0.009296012051901573
envmix,stfpm,Cnn14,conv_block2|conv_block3|conv_block4,True,air_conditioner,0.0,2,740,247,False,194.633,30000,1,0.5682533438237608,0.670360110803324,0.6003959302822099,0.4950883142206744,0.19498503872679365,0.125123994249335,0.5526907797494902,0.37359723448753357,0.6114268255423159,0.5503530094817252,0.5098791891438239,0.026411162493565017,0.01396263387272489
envmix,stfpm,Cnn14,conv_block2|conv_block3|conv_block4,True,air_conditioner,-6.0,0,740,247,False,171.193,30000,1,0.6937450826121164,0.7190332326283988,0.7015970490354602,0.5216169584179741,0.18960498563670894,0.13320897252908576,0.539610477697839,0.3336426913738251,0.6376043599257886,0.6371330730509862,0.5596200904240891,-0.0002909988085468159,0.03647296935319101
envmix,stfpm,Cnn14,conv_block2|conv_block3|conv_block4,True,air_conditioner,-6.0,1,740,247,False,187.5,30000,1,0.7403619197482297,0.7266666666666667,0.7099264165801267,0.5553509674558625,0.19825787703523456,0.13589154390039895,0.5361668597672429,0.36300352215766907,0.6304238819893884,0.6654748181840539,0.5884992387425666,0.00801064551898514,0.01534125349799042
envmix,stfpm,Cnn14,conv_block2|conv_block3|conv_block4,True,air_conditioner,-6.0,2,740,247,False,194.641,30000,1,0.6727642276422764,0.6951219512195123,0.691761738727565,0.5552195087272433,0.20107429317105605,0.1508975172133918,0.5665796251883158,0.3631639778614044,0.6271711511016743,0.6325989977862456,0.5821409654302394,0.017425713620854547,0.02556004523001601
envmix,stfpm,Cnn14,conv_block2|conv_block3|conv_block4,True,engine_idling,6.0,0,692,231,False,158.281,30000,1,0.6726386806596701,0.6934984520123838,0.6913120931374135,0.5490359588257485,0.18939389020505096,0.13687520370676684,0.518986488949428,0.3102375864982605,0.6035680437085355,0.5691079851815904,0.5096839083293503,0.004529190497854421,0.03658096754032542
envmix,stfpm,Cnn14,conv_block2|conv_block3|conv_block4,True,engine_idling,6.0,1,692,231,False,173.1,30000,1,0.6440779610194902,0.6686046511627907,0.6369010743556266,0.5378012626266601,0.19225436686341024,0.12994957334207355,0.5125309550454763,0.3415263593196869,0.6156994128816815,0.5625740341569844,0.5117684775274954,0.0027720575565775307,0.020040910700776116
envmix,stfpm,Cnn14,conv_block2|conv_block3|conv_block4,True,engine_idling,6.0,2,692,231,False,183.582,30000,1,0.6193403298350825,0.672514619883041,0.6489219464611211,0.5506309694878421,0.20022284499877696,0.1442677970661614,0.5347037895571778,0.3366893529891968,0.6085922110237423,0.5531062248971734,0.5204196160075335,-0.004495262073420726,0.025613569602759213
envmix,stfpm,Cnn14,conv_block2|conv_block3|conv_block4,True,engine_idling,0.0,0,692,231,False,159.531,30000,1,0.6843328335832085,0.691131498470948,0.6935953029937858,0.5768175097865166,0.20356436743336884,0.15440846239211847,0.5332277233999058,0.30495670437812805,0.6061655033995963,0.5870201864025618,0.5123801568336223,0.0019353220218135262,0.03514342897289884
envmix,stfpm,Cnn14,conv_block2|conv_block3|conv_block4,True,engine_idling,0.0,1,692,231,False,174.41,30000,1,0.6736131934032984,0.688259109311741,0.6613182918664339,0.5577616463209158,0.20012303871021608,0.14087335687908215,0.5183472789694346,0.3299977779388428,0.6170881209218534,0.5902452058935617,0.5284287863814684,0.008739860627439042,0.022472225681849017
envmix,stfpm,Cnn14,conv_block2|conv_block3|conv_block4,True,engine_idling,0.0,2,692,231,False,182.34,30000,1,0.6796101949025488,0.676470588235294,0.7068259516643229,0.5672746215634322,0.20867750578239702,0.16046145233311807,0.5485848702709364,0.3288004994392395,0.6085855830296152,0.5931513308815706,0.5589382125249674,-0.011088087029252737,0.026191878324242707
envmix,stfpm,Cnn14,conv_block2|conv_block3|conv_block4,True,engine_idling,-6.0,0,692,231,False,158.447,30000,1,0.7649175412293854,0.7386759581881533,0.753923365669868,0.6259251709932755,0.23606234187425573,0.18783863702338455,0.5614503362244294,0.3023567795753479,0.624541762564472,0.6497805236655709,0.55620105764581,-0.01783691403461141,0.06441038093231467
envmix,stfpm,Cnn14,conv_block2|conv_block3|conv_block4,True,engine_idling,-6.0,1,692,231,False,172.702,30000,1,0.7485757121439282,0.75,0.7112806861635269,0.5938986400865941,0.22058722412988402,0.15896953641720313,0.5279037873799299,0.3213362991809845,0.6336482162955094,0.6478650865579518,0.5664258617795747,0.0011244348963611523,0.029867996578298642
envmix,stfpm,Cnn14,conv_block2|conv_block3|conv_block4,True,engine_idling,-6.0,2,692,231,False,182.502,30000,1,0.7382308845577211,0.7265624999999999,0.7440754980906894,0.5983670057582928,0.22996910044305843,0.17669054697564576,0.5442466458503589,0.32089659571647644,0.6245555848691566,0.6628832627047943,0.6179500515902322,-0.010229840629319862,0.02811543977393427
envmix,stfpm,Cnn14,conv_block2|conv_block3|conv_block4,True,street_music,6.0,0,732,245,False,169.435,30000,1,0.5293882447021192,0.6760563380281689,0.5283666551713861,0.4984404045557761,0.1861159435051053,0.10057452661539035,0.49144429094470254,0.3384624123573303,0.6082688003293113,0.5102486269717681,0.4356773208143184,0.016391922115888552,0.0142125992703357
envmix,stfpm,Cnn14,conv_block2|conv_block3|conv_block4,True,street_music,6.0,1,732,245,False,186.462,30000,1,0.557243769159003,0.6763005780346821,0.5294115064588081,0.48279133814646047,0.18894689972179352,0.1011288323894311,0.5093924945206706,0.3979978859424591,0.6080476746759162,0.5175380706878245,0.4374734597694007,0.017571254312596034,0.00783490416651757
envmix,stfpm,Cnn14,conv_block2|conv_block3|conv_block4,True,street_music,6.0,2,732,245,False,191.61,30000,1,0.5709716113554578,0.664850136239782,0.5512092188751239,0.5251680472007636,0.19522480316233232,0.1229663988060877,0.5602942563193819,0.3816814422607422,0.6109641802542046,0.53204871903192,0.45770359189261023,0.010590465570791883,0.008967330374701524
envmix,stfpm,Cnn14,conv_block2|conv_block3|conv_block4,True,street_music,0.0,0,732,245,False,172.424,30000,1,0.5888311342129815,0.6834733893557422,0.5714479972422244,0.5275653924210557,0.1900491865067295,0.1129382988346857,0.5245566853355508,0.32566362619400024,0.6083214954810285,0.5540747052292622,0.4726881031765379,0.034389319044487554,0.019638240952825254
envmix,stfpm,Cnn14,conv_block2|conv_block3|conv_block4,True,street_music,0.0,1,732,245,False,186.845,30000,1,0.6190190590430494,0.6875,0.580931272590429,0.5153772148801178,0.19117891998947562,0.11487537019262263,0.5219835769680549,0.38365355134010315,0.6080476746759162,0.5737351925415195,0.48637277539811563,0.028206247353835937,0.012546023815149509
envmix,stfpm,Cnn14,conv_block2|conv_block3|conv_block4,True,street_music,0.0,2,732,245,False,191.817,30000,1,0.632880181260829,0.6812499999999999,0.6056272371402123,0.5605202900830809,0.20558052454458833,0.14020473417757764,0.5750538578055019,0.37029707431793213,0.6109641802542046,0.5923812150035056,0.5122689527172001,0.024476461520138583,0.011007330943054101
envmix,stfpm,Cnn14,conv_block2|conv_block3|conv_block4,True,street_music,-6.0,0,732,245,False,171.569,30000,1,0.6697321071571372,0.6946107784431138,0.6374881058355701,0.5769180124429746,0.21005616479245337,0.1342490818856942,0.5393716134134375,0.32434630393981934,0.6164020564854029,0.6274207406691097,0.5412201306815758,0.03194564018160278,0.029697560468958585
envmix,stfpm,Cnn14,conv_block2|conv_block3|conv_block4,True,street_music,-6.0,1,732,245,False,187.049,30000,1,0.718312674930028,0.7106918238993711,0.6722570382598312,0.5671624977660102,0.20600998656041022,0.13943466047006955,0.5493216993289716,0.3710488975048065,0.6211163176938134,0.6597568457282025,0.5809089508106204,0.024431632427081965,0.027466966456621472
envmix,stfpm,Cnn14,conv_block2|conv_block3|conv_block4,True,street_music,-6.0,2,732,245,False,192.392,30000,1,0.7203118752498999,0.7142857142857143,0.6864717719536776,0.6148620758881491,0.23832440756309986,0.16582282832739792,0.5717410545554492,0.36164361238479614,0.6452100293064149,0.6882329905512492,0.5990513467210296,0.03432101630710247,0.026301554609592725
envmix,stfpm,Cnn14,conv_block2|conv_block3|conv_block4,True,drilling,6.0,0,573,191,False,132.307,30000,1,0.4710526315789474,0.6643356643356644,0.4769414406944422,0.428388478207855,0.1884098048164953,0.08555816536223258,0.4808775724690017,0.36068952083587646,0.5977454859841054,0.45415967441847055,0.3841253462279433,0.03917301506561297,0.009136053088668161
envmix,stfpm,Cnn14,conv_block2|conv_block3|conv_block4,True,drilling,6.0,1,573,191,False,144.625,30000,1,0.5207236842105263,0.6690140845070423,0.5678149576185609,0.4394671550345198,0.19186372993061915,0.09107476259487002,0.48654680931679856,0.35004937648773193,0.6091957813643949,0.5090742242501688,0.4576525480879974,0.034835860468558535,0.009905305244826081
envmix,stfpm,Cnn14,conv_block2|conv_block3|conv_block4,True,drilling,6.0,2,573,191,False,147.184,30000,1,0.5411184210526315,0.6690647482014389,0.5218197182081413,0.44054328550494054,0.19156558776962654,0.09176037588745907,0.495877367952526,0.3541707694530487,0.6024708049999338,0.5115051704064093,0.4319743988874768,0.0361960837077072,0.00986858070853322
envmix,stfpm,Cnn14,conv_block2|conv_block3|conv_block4,True,drilling,0.0,0,573,191,False,131.998,30000,1,0.4576754385964913,0.6643356643356644,0.46042499094360523,0.43763631790504554,0.1899648836110732,0.0879451806089444,0.47158210644860776,0.3462928533554077,0.5977335603319855,0.4589680658505315,0.3836473520315373,0.07552288708382832,0.00769998287019011
envmix,stfpm,Cnn14,conv_block2|conv_block3|conv_block4,True,drilling,0.0,1,573,191,False,143.098,30000,1,0.5283991228070176,0.6738351254480287,0.5806576398154237,0.4601667981675175,0.19351736582414372,0.09596985820560709,0.4747317110111284,0.332284152507782,0.6113208071792519,0.5340772455980979,0.46694096886441283,0.06470305102566147,0.013234223172829417
envmix,stfpm,Cnn14,conv_block2|conv_block3|conv_block4,True,drilling,0.0,2,573,191,False,148.696,30000,1,0.6176535087719298,0.6919831223628692,0.5747801393764267,0.45842376780313704,0.1936988330002286,0.0977012136558803,0.501412427455959,0.34299856424331665,0.6024690703194409,0.536720937589695,0.4486236062108975,0.053194888769115094,0.013903284817638391
envmix,stfpm,Cnn14,conv_block2|conv_block3|conv_block4,True,drilling,-6.0,0,573,191,False,131.84,30000,1,0.5032894736842105,0.6690909090909092,0.47633063175410506,0.47894794512265143,0.19096524737330123,0.09705927354904985,0.45106680715265446,0.32708996534347534,0.5977256101616014,0.4949040858580762,0.3974579719019633,0.07671344442598846,0.007913008678957932
envmix,stfpm,Cnn14,conv_block2|conv_block3|conv_block4,True,drilling,-6.0,1,573,191,False,144.39,30000,1,0.5836622807017544,0.696629213483146,0.5930790949269925,0.5113253837725752,0.1946048686204603,0.10889945957723209,0.47894628255023214,0.31667086482048035,0.6242973668203238,0.5844214092960024,0.49017778055398636,0.09183556620485596,0.018455827820853875
envmix,stfpm,Cnn14,conv_block2|conv_block3|conv_block4,True,drilling,-6.0,2,573,191,False,147.32,30000,1,0.6819078947368422,0.7196652719665272,0.640442894060609,0.4968524816376632,0.19498556421932758,0.11025124350381274,0.5004439212654695,0.31878864765167236,0.6066692609333373,0.5944925543774948,0.4905274980180622,0.10197829529644058,0.023366125595473245
envmix,stfpm,Cnn14,conv_block2|conv_block3|conv_block4,True,car_horn,6.0,0,140,47,False,31.789,30000,1,0.8097826086956521,0.8461538461538461,0.7279712356806294,0.5550609122306751,0.18336563681246623,0.11143142442327351,0.446025539139429,0.3778672516345978,0.5284174702212139,0.590932902935067,0.4049009414856018,0.007669007212641293,0.017822524340081577
envmix,stfpm,Cnn14,conv_block2|conv_block3|conv_block4,True,car_horn,6.0,1,140,47,False,42.114,30000,1,0.4257246376811594,0.676470588235294,0.45023399781678125,0.47079270326480216,0.2019102636705784,0.10188962909147047,0.46722814476829727,0.3727801442146301,0.6043715544228052,0.4660750768304401,0.37897207591553317,0.006467643410478543,0.003424421373414663
envmix,stfpm,Cnn14,conv_block2|conv_block3|conv_block4,True,car_horn,6.0,2,140,47,False,34.452,30000,1,0.5579710144927537,0.6865671641791045,0.559036049245724,0.4376049084684153,0.19475064989002697,0.09397521531977159,0.45475910086825877,0.39600586891174316,0.5962282529289212,0.4733866782060574,0.4029384586975247,0.015354517971659567,0.01550293710170705
envmix,stfpm,Cnn14,conv_block2|conv_block3|conv_block4,True,car_horn,0.0,0,140,47,False,32.13,30000,1,0.7155797101449275,0.7368421052631579,0.629311547258375,0.5864236803139634,0.19956901953966755,0.11656723287494204,0.49409902847838033,0.35992538928985596,0.5382444061962135,0.606710861383898,0.4093139952830814,-0.028773832861411316,0.015954230713607458
envmix,stfpm,Cnn14,conv_block2|conv_block3|conv_block4,True,car_horn,0.0,1,140,47,False,41.932,30000,1,0.4891304347826087,0.6571428571428571,0.46948431285830033,0.48220235140385453,0.20250595816526512,0.10464288720670814,0.4702770864438041,0.36881694197654724,0.6053573907009022,0.48160106564108723,0.3858511813247675,0.027607687433121066,0.014588699040880221
envmix,stfpm,Cnn14,conv_block2|conv_block3|conv_block4,True,car_horn,0.0,2,140,47,False,34.183,30000,1,0.5489130434782609,0.6571428571428571,0.5382931596006167,0.48823522422131427,0.1963338799182458,0.10326597021733132,0.48526465237561606,0.38188645243644714,0.5965255157437568,0.5069585528578611,0.41643107175016014,0.001769811753909507,0.0031454680723001093
envmix,stfpm,Cnn14,conv_block2|conv_block3|conv_block4,True,car_horn,-6.0,0,140,47,False,31.597,30000,1,0.7681159420289856,0.7924528301886793,0.6595921917150931,0.6312979697353915,0.2201876897371493,0.13444315208967275,0.5034369844360245,0.34766507148742676,0.5829378573296963,0.6513129266252364,0.42987510535004586,-0.048011942507939366,0.059523565762862704
envmix,stfpm,Cnn14,conv_block2|conv_block3|conv_block4,True,car_horn,-6.0,1,140,47,False,42.021,30000,1,0.536231884057971,0.6969696969696969,0.4903045007465236,0.5275663198567537,0.20480779017767511,0.1152999539648748,0.4523239879316692,0.35500335693359375,0.6148156642394358,0.5355285624710538,0.4186062917604114,0.023210420297018367,0.014787249609957299
envmix,stfpm,Cnn14,conv_block2|conv_block3|conv_block4,True,car_horn,-6.0,2,140,47,False,34.584,30000,1,0.7210144927536232,0.7457627118644068,0.6904183135914138,0.5524391801777478,0.20570510097304134,0.12252414844019906,0.5211906261957232,0.36973634362220764,0.6236218516102985,0.6249849654617283,0.5039462809238272,0.008635858542665789,0.019627902808850167
envmix,stfpm,Cnn14,conv_block2|conv_block3|conv_block4,True,jackhammer,6.0,0,590,197,False,136.331,30000,1,0.5526695526695526,0.6689419795221843,0.5383307093985653,0.5356553889966807,0.19780773961540526,0.11078941930331787,0.4550794544861289,0.3944331705570221,0.5957680362112495,0.5366437277107343,0.4455286246949445,0.012691613706220687,0.011035257096522491
envmix,stfpm,Cnn14,conv_block2|conv_block3|conv_block4,True,jackhammer,6.0,1,590,197,False,147.156,30000,1,0.5214388785817359,0.664406779661017,0.5282045612651777,0.5266022114656733,0.19500425174583552,0.1150911586742364,0.4850829060579974,0.38532111048698425,0.6081658773838474,0.48844010433089524,0.44827953602711673,-0.005366942803209823,0.0007022541045661688
envmix,stfpm,Cnn14,conv_block2|conv_block3|conv_block4,True,jackhammer,6.0,2,590,197,False,149.442,30000,1,0.5910121624407338,0.6689419795221843,0.6031602838689241,0.5371389016598245,0.20080619442068257,0.12120955059043399,0.4910533399518854,0.39333686232566833,0.6056852713774666,0.5412055198091971,0.5007733665745886,0.00018455241028256987,0.009363887077848757
envmix,stfpm,Cnn14,conv_block2|conv_block3|conv_block4,True,jackhammer,0.0,0,590,197,False,136.692,30000,1,0.5996701710987427,0.676470588235294,0.574409877823449,0.5651169117323366,0.2043882278669711,0.12580580529461727,0.4594633477478789,0.3771095871925354,0.595737262472801,0.5694005636439038,0.4749150560810153,-0.003718438831066025,0.01005801167453255
envmix,stfpm,Cnn14,conv_block2|conv_block3|conv_block4,True,jackhammer,0.0,1,590,197,False,145.505,30000,1,0.5680272108843537,0.664406779661017,0.5633023501399275,0.5615024990000993,0.20498741048990082,0.1308977455446181,0.47935897405196554,0.36671218276023865,0.6081658773838474,0.5290313480581424,0.48688451519830306,-0.010560622727592868,0.008093169749435159
envmix,stfpm,Cnn14,conv_block2|conv_block3|conv_block4,True,jackhammer,0.0,2,590,197,False,148.256,30000,1,0.6363636363636364,0.6865671641791044,0.644065487744633,0.5670528003552381,0.21090623703452177,0.13564563621303122,0.48367036399216684,0.379912406206131,0.6056852713774666,0.5762806886274154,0.5341477632234763,-0.0016736563066602338,0.009705253376278278
envmix,stfpm,Cnn14,conv_block2|conv_block3|conv_block4,True,jackhammer,-6.0,0,590,197,False,137.52,30000,1,0.673572459286745,0.6956521739130436,0.6361907890469636,0.6108297363438172,0.22578408620619753,0.14829166576427516,0.47087408492716776,0.3657188415527344,0.6049027592029468,0.6336656989606202,0.528842641371317,-0.020712382511930784,0.02307065252023616
envmix,stfpm,Cnn14,conv_block2|conv_block3|conv_block4,True,jackhammer,-6.0,1,590,197,False,145.441,30000,1,0.7084106369820656,0.6902654867256638,0.7067342635670959,0.6357896910338562,0.24008640462375783,0.1684916419425662,0.49005805425759214,0.3751415014266968,0.6081658773838474,0.6157616079923027,0.5732018954023389,-0.031714035775764995,0.02373362270653533
envmix,stfpm,Cnn14,conv_block2|conv_block3|conv_block4,True,jackhammer,-6.0,2,590,197,False,148.592,30000,1,0.7050092764378478,0.7058823529411765,0.7020383845561547,0.6104347612122973,0.23154729070577862,0.15695235891431197,0.4827321060765506,0.3752318024635315,0.6180880735815668,0.6432349420033746,0.5909037334891276,-0.0047681681343159,0.01918253332774173
envmix,stfpm,Cnn14,conv_block2|conv_block3|conv_block4,True,children_playing,6.0,0,727,243,False,169.069,30000,1,0.5096870342771982,0.6685082872928176,0.4946254480227599,0.4903739715999368,0.17980684807509947,0.09464816871167994,0.4994652245418406,0.38838979601860046,0.6031119489257111,0.5066515558478086,0.42130075369826975,0.034675497223625215,0.009717968654221976
envmix,stfpm,Cnn14,conv_block2|conv_block3|conv_block4,True,children_playing,6.0,1,727,243,False,183.216,30000,1,0.5257417694079394,0.6648351648351648,0.5166902000414766,0.5123726416065916,0.1816900498080347,0.10403984769078592,0.5044444419500603,0.4232495427131653,0.6075722027282353,0.504213533524595,0.4338654222640532,0.020878265224970896,0.008303423869627598
envmix,stfpm,Cnn14,conv_block2|conv_block3|conv_block4,True,children_playing,6.0,2,727,243,False,188.7,30000,1,0.551077089825227,0.6666666666666666,0.5578481036447983,0.4994467001311373,0.18805420637445305,0.10893507013215448,0.5228135399354562,0.41999688744544983,0.6105226080154985,0.5040952001677829,0.44131765291010283,0.03437209888452116,0.012594692870916762
envmix,stfpm,Cnn14,conv_block2|conv_block3|conv_block4,True,children_playing,0.0,0,727,243,False,169.025,30000,1,0.5528383687847175,0.6759776536312849,0.5227523973026342,0.5192746579876597,0.1822994597950103,0.10666082184102949,0.5141243062523162,0.3744472861289978,0.6031278710431806,0.5333823956686068,0.4407943741239956,0.04352906896381423,0.01724746226882529
envmix,stfpm,Cnn14,conv_block2|conv_block3|conv_block4,True,children_playing,0.0,1,727,243,False,184.065,30000,1,0.5405771575667254,0.6685082872928176,0.5403859794449465,0.5461963147276643,0.18989262993171085,0.12042544559884827,0.5295134387340026,0.4062484800815582,0.6075657604435423,0.5231723247961766,0.4496600689830912,0.03713729458971492,0.01518625225721588
envmix,stfpm,Cnn14,conv_block2|conv_block3|conv_block4,True,children_playing,0.0,2,727,243,False,188.363,30000,1,0.6079799485164612,0.676056338028169,0.6036007069993438,0.5486540124502279,0.19726398678058257,0.13229274146213738,0.5424990842840063,0.4029933512210846,0.610659795845365,0.5520830318203969,0.4770356343089223,0.04542862468533235,0.02005953453749647
envmix,stfpm,Cnn14,conv_block2|conv_block3|conv_block4,True,children_playing,-6.0,0,727,243,False,169.094,30000,1,0.6608183173011788,0.6981132075471699,0.6059492490037846,0.5652878475085276,0.19643226544549333,0.12748591091851352,0.5295688940707228,0.35965242981910706,0.6071778086175723,0.6153705952790138,0.5125089326691313,0.025423387753810693,0.02761863974859923
envmix,stfpm,Cnn14,conv_block2|conv_block3|conv_block4,True,children_playing,-6.0,1,727,243,False,184.515,30000,1,0.5869123425010161,0.674846625766871,0.5711712573226266,0.5908871195124771,0.21415658713186708,0.1421839350809842,0.536561140611026,0.3950137495994568,0.6075510479492583,0.5668693805842362,0.48345092037143866,0.034311499702664255,0.02505167626673168
envmix,stfpm,Cnn14,conv_block2|conv_block3|conv_block4,True,children_playing,-6.0,2,727,243,False,188.325,30000,1,0.6757891884568488,0.6951219512195121,0.6678503048502435,0.6174928943112653,0.2406348203927814,0.16800501301605092,0.5622673338978553,0.39215999841690063,0.624380047740962,0.6391938006392984,0.5588160235477118,0.04201045325496017,0.03642978697848806
envmix,stfpm,Cnn14,conv_block2|conv_block3|conv_block4,True,siren,6.0,0,625,209,False,143.669,30000,1,0.5868131868131868,0.6717557251908397,0.5601870963842291,0.4597027597708141,0.18235784600911095,0.09111872835922487,0.4377164601180475,0.3492172658443451,0.5967133751763732,0.5008930955348908,0.41403784284796535,0.021199688658426998,0.009921492595971164
envmix,stfpm,Cnn14,conv_block2|conv_block3|conv_block4,True,siren,6.0,1,625,209,False,147.774,30000,1,0.6288461538461538,0.6645367412140575,0.6400628036388067,0.508908655517181,0.18444318829604367,0.10698950764388668,0.5038686918719844,0.3510271906852722,0.6101447703082246,0.5330976370396847,0.47598021810417857,0.014699945453735085,0.01706928720319954
envmix,stfpm,Cnn14,conv_block2|conv_block3|conv_block4,True,siren,6.0,2,625,209,False,158.053,30000,1,0.5815018315018314,0.6834532374100719,0.591815458568271,0.5045151064767414,0.186215257844044,0.1141428811734269,0.5375812583370273,0.34827131032943726,0.6046528504302707,0.5647248684414289,0.5041404150626568,0.023425469243781458,0.020977076356698286
envmix,stfpm,Cnn14,conv_block2|conv_block3|conv_block4,True,siren,0.0,0,625,209,False,143.215,30000,1,0.6279304029304029,0.6988847583643123,0.5963452076235407,0.48204918014760184,0.18522909875721835,0.09873760936435427,0.446024482399665,0.3370712697505951,0.5967206334918684,0.5240185449445769,0.4277718648725835,0.03764925450225461,0.014865561563550652
envmix,stfpm,Cnn14,conv_block2|conv_block3|conv_block4,True,siren,0.0,1,625,209,False,148.577,30000,1,0.6176739926739927,0.6741573033707866,0.6174303574365376,0.5303349124919197,0.18762855489690972,0.11694351805870287,0.5127723105287637,0.3411208689212799,0.6101218990461384,0.5403591415430942,0.48201886698458657,0.017254822059807884,0.013412251956632135
envmix,stfpm,Cnn14,conv_block2|conv_block3|conv_block4,True,siren,0.0,2,625,209,False,157.928,30000,1,0.6112637362637362,0.695970695970696,0.6180385444334722,0.5329599252316802,0.1901254667219281,0.12925592904894298,0.537316874603143,0.33811840415000916,0.6046528504302707,0.5810549440210349,0.5226127066111451,0.029549270927034337,0.03269562104336517
envmix,stfpm,Cnn14,conv_block2|conv_block3|conv_block4,True,siren,-6.0,0,625,209,False,143.94,30000,1,0.7025641025641025,0.7312775330396476,0.6662316438627843,0.527174924670719,0.18765074230305434,0.11594843710028457,0.4639891000918745,0.32505983114242554,0.6017014592421972,0.5966094280034557,0.5016459208259578,0.03219549879334194,0.018360881615502016
envmix,stfpm,Cnn14,conv_block2|conv_block3|conv_block4,True,siren,-6.0,1,625,209,False,150.032,30000,1,0.7213369963369963,0.7124463519313305,0.7079954301274543,0.570830460592536,0.20194299853380207,0.13727315174281823,0.5136574477247767,0.32923659682273865,0.6124158432054214,0.6229162126927443,0.5667151987072797,-0.0027298619408520925,0.024826210706541247
envmix,stfpm,Cnn14,conv_block2|conv_block3|conv_block4,True,siren,-6.0,2,625,209,False,158.56,30000,1,0.6758241758241758,0.7211895910780669,0.6868991943803775,0.5736005295133895,0.2051001664679272,0.14702103231692937,0.5506622539247028,0.33300307393074036,0.6135738242110643,0.6241172330856722,0.5732488757079807,0.028426429251159513,0.0319508383449717
envmix,cfa,Cnn14,conv_block2|conv_block3|conv_block4,True,air_conditioner,6.0,0,740,247,False,2407.769,30000,100,0.8081563073695254,0.7916666666666667,0.7379668373901871,0.5838824179311453,0.20865208524158052,0.14355545990824878,0.5145947216767764,0.16454465687274933,0.6087488903174457,0.6063344074639453,0.5232099577466022,-0.010535576897668096,0.04549509587127728
envmix,cfa,Cnn14,conv_block2|conv_block3|conv_block4,True,air_conditioner,6.0,1,740,247,False,2364.12,30000,100,0.8094676108051403,0.7918088737201365,0.7625015595481086,0.694569682327107,0.2823885744985797,0.1990546900057709,0.5173400844827379,0.18868990242481232,0.6267320217221508,0.6679931615696131,0.5982215631154204,0.05323693306521665,0.03268263644498682
envmix,cfa,Cnn14,conv_block2|conv_block3|conv_block4,True,air_conditioner,6.0,2,740,247,False,2376.17,30000,100,0.7133490689745606,0.7152317880794703,0.7017970657698194,0.6577318582327186,0.267400324306673,0.1960334076619768,0.5286028442810251,0.2485605925321579,0.6119747717063769,0.5998418361967042,0.555706862391136,0.010720155742956134,0.057168179333602125
envmix,cfa,Cnn14,conv_block2|conv_block3|conv_block4,True,air_conditioner,0.0,0,740,247,False,2363.879,30000,100,0.8111067400996591,0.7651515151515151,0.7537010965084137,0.5788233123463579,0.26884772200639817,0.15647576226524373,0.618749349098884,0.23589664697647095,0.6087488903174457,0.61629921910898,0.5670583775472212,-0.0457121023919591,0.04694201281735854
envmix,cfa,Cnn14,conv_block2|conv_block3|conv_block4,True,air_conditioner,0.0,1,740,247,False,2398.012,30000,100,0.8621820089168634,0.8099173553719009,0.8574203943194089,0.6670656390191063,0.31656778404740277,0.22032479460939747,0.5667286583520568,0.2236403226852417,0.6104914729797798,0.6455049391415437,0.625914886037601,-0.022167767314972178,0.04162578446548506
envmix,cfa,Cnn14,conv_block2|conv_block3|conv_block4,True,air_conditioner,0.0,2,740,247,False,2417.501,30000,100,0.779897718332022,0.7645051194539249,0.727578349050202,0.5753334936638008,0.22834427811994396,0.15714799067883178,0.5574252334608844,0.1965460628271103,0.62187832956524,0.6506600594648366,0.5700079558280922,-0.12549163927742812,0.042150919527792416
envmix,cfa,Cnn14,conv_block2|conv_block3|conv_block4,True,air_conditioner,-6.0,0,740,247,False,2410.4,30000,100,0.8468397587201679,0.7969348659003832,0.8505877434340134,0.6010537348843619,0.2529375956059703,0.1961668913795859,0.5580133113662701,0.20352841913700104,0.6090784692575375,0.6043047289500776,0.5709549220601772,-0.2737715940443753,0.08027182530888884
envmix,cfa,Cnn14,conv_block2|conv_block3|conv_block4,True,air_conditioner,-6.0,1,740,247,False,2416.661,30000,100,0.8969971151324417,0.8461538461538461,0.88223461589208,0.6848158302347016,0.329260275521715,0.23856963116640098,0.5716779285193775,0.22176118195056915,0.6117759488030237,0.6875041796540571,0.6610441169161778,-0.11441376390980589,0.042215205497208086
envmix,cfa,Cnn14,conv_block2|conv_block3|conv_block4,True,air_conditioner,-6.0,2,740,247,False,2493.119,30000,100,0.8791633884080775,0.8345864661654137,0.8533113047856482,0.7797326480935329,0.3814091078740886,0.29872443745519467,0.5818117746445788,0.25718826055526733,0.6841453469054882,0.7618209494879334,0.728875114753272,-0.10295766491202445,0.0011727279573624013
